traditional,pso_dbn
51.71538009457225,112.56555
