traditional,pso_dbn
51.54747250238091,111.35188
