traditional,pso_dbn
52.66193096129243,110.44516
