traditional,pso_dbn
53.64049676233433,115.16918
