traditional,pso_dbn
51.21686379132179,112.74292
