traditional,pso_dbn
51.67924571759378,112.008934
