traditional,pso_dbn
52.6241113463749,110.55511
