traditional,pso_dbn
45.38255616636171,107.80968
